subpop,date,amount,source_infection_stage,source_vaccination_stage,source_variant_type,source_age_strata,destination_infection_stage,destination_vaccination_stage,destination_variant_type,destination_age_strata
02000,2024-07-28,51452.49164916491,S,unvaccinated,AllFlu,age0to4,S,unvaccinated,AllFlu,age0to4
02000,2024-07-28,326258.9226922692,S,unvaccinated,AllFlu,age0to4,S,unvaccinated,AllFlu,age18to49
02000,2024-07-28,137182.07300730073,S,unvaccinated,AllFlu,age0to4,S,unvaccinated,AllFlu,age50to64
02000,2024-07-28,129884.37003700368,S,unvaccinated,AllFlu,age0to4,S,unvaccinated,AllFlu,age5to17
02000,2024-07-28,92290.14261426144,S,unvaccinated,AllFlu,age0to4,S,unvaccinated,AllFlu,age65to100
01000,2024-07-28,292604.2604260426,S,unvaccinated,AllFlu,age0to4,S,unvaccinated,AllFlu,age0to4
01000,2024-07-28,1988733.6233623363,S,unvaccinated,AllFlu,age0to4,S,unvaccinated,AllFlu,age18to49
01000,2024-07-28,960229.6479647964,S,unvaccinated,AllFlu,age0to4,S,unvaccinated,AllFlu,age50to64
01000,2024-07-28,789543.8293829382,S,unvaccinated,AllFlu,age0to4,S,unvaccinated,AllFlu,age5to17
01000,2024-07-28,845138.6388638864,S,unvaccinated,AllFlu,age0to4,S,unvaccinated,AllFlu,age65to100
05000,2024-07-28,187441.88081191882,S,unvaccinated,AllFlu,age0to4,S,unvaccinated,AllFlu,age0to4
05000,2024-07-28,1220921.4348565144,S,unvaccinated,AllFlu,age0to4,S,unvaccinated,AllFlu,age18to49
05000,2024-07-28,561725.8284171582,S,unvaccinated,AllFlu,age0to4,S,unvaccinated,AllFlu,age50to64
05000,2024-07-28,508642.2877712229,S,unvaccinated,AllFlu,age0to4,S,unvaccinated,AllFlu,age5to17
05000,2024-07-28,520638.56814318575,S,unvaccinated,AllFlu,age0to4,S,unvaccinated,AllFlu,age65to100
04000,2024-07-28,416009.2419241924,S,unvaccinated,AllFlu,age0to4,S,unvaccinated,AllFlu,age0to4
04000,2024-07-28,2935333.0070007,S,unvaccinated,AllFlu,age0to4,S,unvaccinated,AllFlu,age18to49
04000,2024-07-28,1258604.2319231923,S,unvaccinated,AllFlu,age0to4,S,unvaccinated,AllFlu,age50to64
04000,2024-07-28,1172581.9818981898,S,unvaccinated,AllFlu,age0to4,S,unvaccinated,AllFlu,age5to17
04000,2024-07-28,1267770.5372537253,S,unvaccinated,AllFlu,age0to4,S,unvaccinated,AllFlu,age65to100
06000,2024-07-28,2368794.8691,S,unvaccinated,AllFlu,age0to4,S,unvaccinated,AllFlu,age0to4
06000,2024-07-28,17426159.2692,S,unvaccinated,AllFlu,age0to4,S,unvaccinated,AllFlu,age18to49
06000,2024-07-28,7208521.6995,S,unvaccinated,AllFlu,age0to4,S,unvaccinated,AllFlu,age50to64
06000,2024-07-28,6473920.305600001,S,unvaccinated,AllFlu,age0to4,S,unvaccinated,AllFlu,age5to17
06000,2024-07-28,5806100.8566,S,unvaccinated,AllFlu,age0to4,S,unvaccinated,AllFlu,age65to100
08000,2024-07-28,323717.1373,S,unvaccinated,AllFlu,age0to4,S,unvaccinated,AllFlu,age0to4
08000,2024-07-28,2535877.748,S,unvaccinated,AllFlu,age0to4,S,unvaccinated,AllFlu,age18to49
08000,2024-07-28,1026693.867,S,unvaccinated,AllFlu,age0to4,S,unvaccinated,AllFlu,age50to64
08000,2024-07-28,903266.189,S,unvaccinated,AllFlu,age0to4,S,unvaccinated,AllFlu,age5to17
08000,2024-07-28,820794.0587,S,unvaccinated,AllFlu,age0to4,S,unvaccinated,AllFlu,age65to100
09000,2024-07-28,182310.5429457054,S,unvaccinated,AllFlu,age0to4,S,unvaccinated,AllFlu,age0to4
09000,2024-07-28,1446687.7790220978,S,unvaccinated,AllFlu,age0to4,S,unvaccinated,AllFlu,age18to49
09000,2024-07-28,766776.695330467,S,unvaccinated,AllFlu,age0to4,S,unvaccinated,AllFlu,age50to64
09000,2024-07-28,547289.1004899511,S,unvaccinated,AllFlu,age0to4,S,unvaccinated,AllFlu,age5to17
09000,2024-07-28,632009.8822117789,S,unvaccinated,AllFlu,age0to4,S,unvaccinated,AllFlu,age65to100
11000,2024-07-28,44535.06339366063,S,unvaccinated,AllFlu,age0to4,S,unvaccinated,AllFlu,age0to4
11000,2024-07-28,377405.2261773823,S,unvaccinated,AllFlu,age0to4,S,unvaccinated,AllFlu,age18to49
11000,2024-07-28,103753.53804619536,S,unvaccinated,AllFlu,age0to4,S,unvaccinated,AllFlu,age50to64
11000,2024-07-28,81243.59154084591,S,unvaccinated,AllFlu,age0to4,S,unvaccinated,AllFlu,age5to17
11000,2024-07-28,85745.5808419158,S,unvaccinated,AllFlu,age0to4,S,unvaccinated,AllFlu,age65to100
10000,2024-07-28,53797.3376,S,unvaccinated,AllFlu,age0to4,S,unvaccinated,AllFlu,age0to4
10000,2024-07-28,374858.31680000003,S,unvaccinated,AllFlu,age0to4,S,unvaccinated,AllFlu,age18to49
10000,2024-07-28,196523.01440000001,S,unvaccinated,AllFlu,age0to4,S,unvaccinated,AllFlu,age50to64
10000,2024-07-28,146363.21920000002,S,unvaccinated,AllFlu,age0to4,S,unvaccinated,AllFlu,age5to17
10000,2024-07-28,185706.112,S,unvaccinated,AllFlu,age0to4,S,unvaccinated,AllFlu,age65to100
12000,2024-07-28,1109765.8950104988,S,unvaccinated,AllFlu,age0to4,S,unvaccinated,AllFlu,age0to4
12000,2024-07-28,8255320.687931208,S,unvaccinated,AllFlu,age0to4,S,unvaccinated,AllFlu,age18to49
12000,2024-07-28,4152739.799220078,S,unvaccinated,AllFlu,age0to4,S,unvaccinated,AllFlu,age50to64
12000,2024-07-28,3007444.675932407,S,unvaccinated,AllFlu,age0to4,S,unvaccinated,AllFlu,age5to17
12000,2024-07-28,4376364.94190581,S,unvaccinated,AllFlu,age0to4,S,unvaccinated,AllFlu,age65to100
13000,2024-07-28,642957.7446,S,unvaccinated,AllFlu,age0to4,S,unvaccinated,AllFlu,age0to4
13000,2024-07-28,4509027.2898,S,unvaccinated,AllFlu,age0to4,S,unvaccinated,AllFlu,age18to49
13000,2024-07-28,1954882.8513000002,S,unvaccinated,AllFlu,age0to4,S,unvaccinated,AllFlu,age50to64
13000,2024-07-28,1810269.3779999998,S,unvaccinated,AllFlu,age0to4,S,unvaccinated,AllFlu,age5to17
13000,2024-07-28,1486709.7363,S,unvaccinated,AllFlu,age0to4,S,unvaccinated,AllFlu,age65to100
15000,2024-07-28,85610.0588,S,unvaccinated,AllFlu,age0to4,S,unvaccinated,AllFlu,age0to4
15000,2024-07-28,587324.8219999999,S,unvaccinated,AllFlu,age0to4,S,unvaccinated,AllFlu,age18to49
15000,2024-07-28,263940.64639999997,S,unvaccinated,AllFlu,age0to4,S,unvaccinated,AllFlu,age50to64
15000,2024-07-28,215589.45040000003,S,unvaccinated,AllFlu,age0to4,S,unvaccinated,AllFlu,age5to17
15000,2024-07-28,269629.02239999996,S,unvaccinated,AllFlu,age0to4,S,unvaccinated,AllFlu,age65to100
19000,2024-07-28,194630.03299670032,S,unvaccinated,AllFlu,age0to4,S,unvaccinated,AllFlu,age0to4
19000,2024-07-28,1268862.2473752624,S,unvaccinated,AllFlu,age0to4,S,unvaccinated,AllFlu,age18to49
19000,2024-07-28,597074.7141285872,S,unvaccinated,AllFlu,age0to4,S,unvaccinated,AllFlu,age50to64
19000,2024-07-28,528640.2831716829,S,unvaccinated,AllFlu,age0to4,S,unvaccinated,AllFlu,age5to17
19000,2024-07-28,550300.7223277673,S,unvaccinated,AllFlu,age0to4,S,unvaccinated,AllFlu,age65to100
16000,2024-07-28,111642.58574142585,S,unvaccinated,AllFlu,age0to4,S,unvaccinated,AllFlu,age0to4
16000,2024-07-28,702489.501049895,S,unvaccinated,AllFlu,age0to4,S,unvaccinated,AllFlu,age18to49
16000,2024-07-28,305041.895810419,S,unvaccinated,AllFlu,age0to4,S,unvaccinated,AllFlu,age50to64
16000,2024-07-28,319126.03739626036,S,unvaccinated,AllFlu,age0to4,S,unvaccinated,AllFlu,age5to17
16000,2024-07-28,279449.9800019998,S,unvaccinated,AllFlu,age0to4,S,unvaccinated,AllFlu,age65to100
17000,2024-07-28,752265.392439244,S,unvaccinated,AllFlu,age0to4,S,unvaccinated,AllFlu,age0to4
17000,2024-07-28,5394854.01980198,S,unvaccinated,AllFlu,age0to4,S,unvaccinated,AllFlu,age18to49
17000,2024-07-28,2477750.189018902,S,unvaccinated,AllFlu,age0to4,S,unvaccinated,AllFlu,age50to64
17000,2024-07-28,2086929.798379838,S,unvaccinated,AllFlu,age0to4,S,unvaccinated,AllFlu,age5to17
17000,2024-07-28,2058831.6003600361,S,unvaccinated,AllFlu,age0to4,S,unvaccinated,AllFlu,age65to100
18000,2024-07-28,413940.15630000003,S,unvaccinated,AllFlu,age0to4,S,unvaccinated,AllFlu,age0to4
18000,2024-07-28,2765600.1747,S,unvaccinated,AllFlu,age0to4,S,unvaccinated,AllFlu,age18to49
18000,2024-07-28,1272482.7027,S,unvaccinated,AllFlu,age0to4,S,unvaccinated,AllFlu,age50to64
18000,2024-07-28,1138502.0724,S,unvaccinated,AllFlu,age0to4,S,unvaccinated,AllFlu,age5to17
18000,2024-07-28,1075177.8939,S,unvaccinated,AllFlu,age0to4,S,unvaccinated,AllFlu,age65to100
20000,2024-07-28,185135.9807980798,S,unvaccinated,AllFlu,age0to4,S,unvaccinated,AllFlu,age0to4
20000,2024-07-28,1201055.1207120712,S,unvaccinated,AllFlu,age0to4,S,unvaccinated,AllFlu,age18to49
20000,2024-07-28,535031.3407340733,S,unvaccinated,AllFlu,age0to4,S,unvaccinated,AllFlu,age50to64
20000,2024-07-28,514363.6447644764,S,unvaccinated,AllFlu,age0to4,S,unvaccinated,AllFlu,age5to17
20000,2024-07-28,475065.9129912992,S,unvaccinated,AllFlu,age0to4,S,unvaccinated,AllFlu,age65to100
21000,2024-07-28,271365.0354964504,S,unvaccinated,AllFlu,age0to4,S,unvaccinated,AllFlu,age0to4
21000,2024-07-28,1825263.5092490753,S,unvaccinated,AllFlu,age0to4,S,unvaccinated,AllFlu,age18to49
21000,2024-07-28,877710.188581142,S,unvaccinated,AllFlu,age0to4,S,unvaccinated,AllFlu,age50to64
21000,2024-07-28,727347.2672732727,S,unvaccinated,AllFlu,age0to4,S,unvaccinated,AllFlu,age5to17
21000,2024-07-28,747365.99940006,S,unvaccinated,AllFlu,age0to4,S,unvaccinated,AllFlu,age65to100
22000,2024-07-28,302250.6576,S,unvaccinated,AllFlu,age0to4,S,unvaccinated,AllFlu,age0to4
22000,2024-07-28,1943173.2092000002,S,unvaccinated,AllFlu,age0to4,S,unvaccinated,AllFlu,age18to49
22000,2024-07-28,886695.2161999999,S,unvaccinated,AllFlu,age0to4,S,unvaccinated,AllFlu,age50to64
22000,2024-07-28,788743.6142,S,unvaccinated,AllFlu,age0to4,S,unvaccinated,AllFlu,age5to17
22000,2024-07-28,743499.3028,S,unvaccinated,AllFlu,age0to4,S,unvaccinated,AllFlu,age65to100
25000,2024-07-28,354894.1348134813,S,unvaccinated,AllFlu,age0to4,S,unvaccinated,AllFlu,age0to4
25000,2024-07-28,2944662.1456145616,S,unvaccinated,AllFlu,age0to4,S,unvaccinated,AllFlu,age18to49
25000,2024-07-28,1399022.824882488,S,unvaccinated,AllFlu,age0to4,S,unvaccinated,AllFlu,age50to64
25000,2024-07-28,989318.7850785078,S,unvaccinated,AllFlu,age0to4,S,unvaccinated,AllFlu,age5to17
25000,2024-07-28,1162655.109610961,S,unvaccinated,AllFlu,age0to4,S,unvaccinated,AllFlu,age65to100
24000,2024-07-28,360492.94590540946,S,unvaccinated,AllFlu,age0to4,S,unvaccinated,AllFlu,age0to4
24000,2024-07-28,2512015.9536046395,S,unvaccinated,AllFlu,age0to4,S,unvaccinated,AllFlu,age18to49
24000,2024-07-28,1222907.6228377162,S,unvaccinated,AllFlu,age0to4,S,unvaccinated,AllFlu,age50to64
24000,2024-07-28,968335.809619038,S,unvaccinated,AllFlu,age0to4,S,unvaccinated,AllFlu,age5to17
24000,2024-07-28,955095.6680331968,S,unvaccinated,AllFlu,age0to4,S,unvaccinated,AllFlu,age65to100
23000,2024-07-28,63162.45535446455,S,unvaccinated,AllFlu,age0to4,S,unvaccinated,AllFlu,age0to4
23000,2024-07-28,503830.74852514756,S,unvaccinated,AllFlu,age0to4,S,unvaccinated,AllFlu,age18to49
23000,2024-07-28,300989.79782021797,S,unvaccinated,AllFlu,age0to4,S,unvaccinated,AllFlu,age50to64
23000,2024-07-28,184145.93220677934,S,unvaccinated,AllFlu,age0to4,S,unvaccinated,AllFlu,age5to17
23000,2024-07-28,283363.06609339063,S,unvaccinated,AllFlu,age0to4,S,unvaccinated,AllFlu,age65to100
26000,2024-07-28,565030.5255,S,unvaccinated,AllFlu,age0to4,S,unvaccinated,AllFlu,age0to4
26000,2024-07-28,4026963.5865,S,unvaccinated,AllFlu,age0to4,S,unvaccinated,AllFlu,age18to49
26000,2024-07-28,2036900.166,S,unvaccinated,AllFlu,age0to4,S,unvaccinated,AllFlu,age50to64
26000,2024-07-28,1574511.87,S,unvaccinated,AllFlu,age0to4,S,unvaccinated,AllFlu,age5to17
26000,2024-07-28,1761858.8520000002,S,unvaccinated,AllFlu,age0to4,S,unvaccinated,AllFlu,age65to100
27000,2024-07-28,346633.11271127115,S,unvaccinated,AllFlu,age0to4,S,unvaccinated,AllFlu,age0to4
27000,2024-07-28,2283995.0685068504,S,unvaccinated,AllFlu,age0to4,S,unvaccinated,AllFlu,age18to49
27000,2024-07-28,1086079.9935993599,S,unvaccinated,AllFlu,age0to4,S,unvaccinated,AllFlu,age50to64
27000,2024-07-28,938635.7321732172,S,unvaccinated,AllFlu,age0to4,S,unvaccinated,AllFlu,age5to17
27000,2024-07-28,908034.093009301,S,unvaccinated,AllFlu,age0to4,S,unvaccinated,AllFlu,age65to100
29000,2024-07-28,366294.6,S,unvaccinated,AllFlu,age0to4,S,unvaccinated,AllFlu,age0to4
29000,2024-07-28,2491413.771,S,unvaccinated,AllFlu,age0to4,S,unvaccinated,AllFlu,age18to49
29000,2024-07-28,1194120.396,S,unvaccinated,AllFlu,age0to4,S,unvaccinated,AllFlu,age50to64
29000,2024-07-28,996931.803,S,unvaccinated,AllFlu,age0to4,S,unvaccinated,AllFlu,age5to17
29000,2024-07-28,1056149.43,S,unvaccinated,AllFlu,age0to4,S,unvaccinated,AllFlu,age65to100
28000,2024-07-28,183858.53465346535,S,unvaccinated,AllFlu,age0to4,S,unvaccinated,AllFlu,age0to4
28000,2024-07-28,1228210.8280828083,S,unvaccinated,AllFlu,age0to4,S,unvaccinated,AllFlu,age18to49
28000,2024-07-28,567693.0729072908,S,unvaccinated,AllFlu,age0to4,S,unvaccinated,AllFlu,age50to64
28000,2024-07-28,516654.4212421242,S,unvaccinated,AllFlu,age0to4,S,unvaccinated,AllFlu,age5to17
28000,2024-07-28,488001.1431143114,S,unvaccinated,AllFlu,age0to4,S,unvaccinated,AllFlu,age65to100
30000,2024-07-28,60097.1228,S,unvaccinated,AllFlu,age0to4,S,unvaccinated,AllFlu,age0to4
30000,2024-07-28,417107.65300000005,S,unvaccinated,AllFlu,age0to4,S,unvaccinated,AllFlu,age18to49
30000,2024-07-28,205822.1391,S,unvaccinated,AllFlu,age0to4,S,unvaccinated,AllFlu,age50to64
30000,2024-07-28,164636.69830000002,S,unvaccinated,AllFlu,age0to4,S,unvaccinated,AllFlu,age5to17
30000,2024-07-28,202985.3868,S,unvaccinated,AllFlu,age0to4,S,unvaccinated,AllFlu,age65to100
37000,2024-07-28,596389.2956,S,unvaccinated,AllFlu,age0to4,S,unvaccinated,AllFlu,age0to4
37000,2024-07-28,4305088.9944,S,unvaccinated,AllFlu,age0to4,S,unvaccinated,AllFlu,age18to49
37000,2024-07-28,1994465.4068,S,unvaccinated,AllFlu,age0to4,S,unvaccinated,AllFlu,age50to64
37000,2024-07-28,1654698.0112,S,unvaccinated,AllFlu,age0to4,S,unvaccinated,AllFlu,age5to17
37000,2024-07-28,1714234.2920000001,S,unvaccinated,AllFlu,age0to4,S,unvaccinated,AllFlu,age65to100
38000,2024-07-28,53726.90699999999,S,unvaccinated,AllFlu,age0to4,S,unvaccinated,AllFlu,age0to4
38000,2024-07-28,326372.0421,S,unvaccinated,AllFlu,age0to4,S,unvaccinated,AllFlu,age18to49
38000,2024-07-28,132425.475,S,unvaccinated,AllFlu,age0to4,S,unvaccinated,AllFlu,age50to64
38000,2024-07-28,125160.99179999999,S,unvaccinated,AllFlu,age0to4,S,unvaccinated,AllFlu,age5to17
38000,2024-07-28,119031.5841,S,unvaccinated,AllFlu,age0to4,S,unvaccinated,AllFlu,age65to100
31000,2024-07-28,129629.4196419642,S,unvaccinated,AllFlu,age0to4,S,unvaccinated,AllFlu,age0to4
31000,2024-07-28,788307.7114711471,S,unvaccinated,AllFlu,age0to4,S,unvaccinated,AllFlu,age18to49
31000,2024-07-28,345806.10321032105,S,unvaccinated,AllFlu,age0to4,S,unvaccinated,AllFlu,age50to64
31000,2024-07-28,341593.62576257624,S,unvaccinated,AllFlu,age0to4,S,unvaccinated,AllFlu,age5to17
31000,2024-07-28,309234.13991399144,S,unvaccinated,AllFlu,age0to4,S,unvaccinated,AllFlu,age65to100
33000,2024-07-28,63092.2032,S,unvaccinated,AllFlu,age0to4,S,unvaccinated,AllFlu,age0to4
33000,2024-07-28,534665.9784,S,unvaccinated,AllFlu,age0to4,S,unvaccinated,AllFlu,age18to49
33000,2024-07-28,308720.396,S,unvaccinated,AllFlu,age0to4,S,unvaccinated,AllFlu,age50to64
33000,2024-07-28,189950.6716,S,unvaccinated,AllFlu,age0to4,S,unvaccinated,AllFlu,age5to17
33000,2024-07-28,251694.7508,S,unvaccinated,AllFlu,age0to4,S,unvaccinated,AllFlu,age65to100
34000,2024-07-28,514116.73537353735,S,unvaccinated,AllFlu,age0to4,S,unvaccinated,AllFlu,age0to4
34000,2024-07-28,3627231.1986198616,S,unvaccinated,AllFlu,age0to4,S,unvaccinated,AllFlu,age18to49
34000,2024-07-28,1838921.863486349,S,unvaccinated,AllFlu,age0to4,S,unvaccinated,AllFlu,age50to64
34000,2024-07-28,1423366.3675367536,S,unvaccinated,AllFlu,age0to4,S,unvaccinated,AllFlu,age5to17
34000,2024-07-28,1474866.8349834983,S,unvaccinated,AllFlu,age0to4,S,unvaccinated,AllFlu,age65to100
35000,2024-07-28,120734.5958,S,unvaccinated,AllFlu,age0to4,S,unvaccinated,AllFlu,age0to4
35000,2024-07-28,850373.3056,S,unvaccinated,AllFlu,age0to4,S,unvaccinated,AllFlu,age18to49
35000,2024-07-28,390451.9164,S,unvaccinated,AllFlu,age0to4,S,unvaccinated,AllFlu,age50to64
35000,2024-07-28,354043.2168,S,unvaccinated,AllFlu,age0to4,S,unvaccinated,AllFlu,age5to17
35000,2024-07-28,376850.96540000004,S,unvaccinated,AllFlu,age0to4,S,unvaccinated,AllFlu,age65to100
32000,2024-07-28,178955.2919291929,S,unvaccinated,AllFlu,age0to4,S,unvaccinated,AllFlu,age0to4
32000,2024-07-28,1268144.9756975695,S,unvaccinated,AllFlu,age0to4,S,unvaccinated,AllFlu,age18to49
32000,2024-07-28,557377.3627362737,S,unvaccinated,AllFlu,age0to4,S,unvaccinated,AllFlu,age50to64
32000,2024-07-28,489303.00750075007,S,unvaccinated,AllFlu,age0to4,S,unvaccinated,AllFlu,age5to17
32000,2024-07-28,478601.36213621363,S,unvaccinated,AllFlu,age0to4,S,unvaccinated,AllFlu,age65to100
36000,2024-07-28,1133463.9628925784,S,unvaccinated,AllFlu,age0to4,S,unvaccinated,AllFlu,age0to4
36000,2024-07-28,8308153.814362871,S,unvaccinated,AllFlu,age0to4,S,unvaccinated,AllFlu,age18to49
36000,2024-07-28,3895670.6151230247,S,unvaccinated,AllFlu,age0to4,S,unvaccinated,AllFlu,age50to64
36000,2024-07-28,2918816.526205241,S,unvaccinated,AllFlu,age0to4,S,unvaccinated,AllFlu,age5to17
36000,2024-07-28,3316214.0814162833,S,unvaccinated,AllFlu,age0to4,S,unvaccinated,AllFlu,age65to100
39000,2024-07-28,688833.9627,S,unvaccinated,AllFlu,age0to4,S,unvaccinated,AllFlu,age0to4
39000,2024-07-28,4712277.0071,S,unvaccinated,AllFlu,age0to4,S,unvaccinated,AllFlu,age18to49
39000,2024-07-28,2332244.9397,S,unvaccinated,AllFlu,age0to4,S,unvaccinated,AllFlu,age50to64
39000,2024-07-28,1881181.0757999998,S,unvaccinated,AllFlu,age0to4,S,unvaccinated,AllFlu,age5to17
39000,2024-07-28,2040860.0147000002,S,unvaccinated,AllFlu,age0to4,S,unvaccinated,AllFlu,age65to100
40000,2024-07-28,254037.99820017998,S,unvaccinated,AllFlu,age0to4,S,unvaccinated,AllFlu,age0to4
40000,2024-07-28,1642595.5394460554,S,unvaccinated,AllFlu,age0to4,S,unvaccinated,AllFlu,age18to49
40000,2024-07-28,712564.7875212479,S,unvaccinated,AllFlu,age0to4,S,unvaccinated,AllFlu,age50to64
40000,2024-07-28,692509.1560843916,S,unvaccinated,AllFlu,age0to4,S,unvaccinated,AllFlu,age5to17
40000,2024-07-28,631162.5187481252,S,unvaccinated,AllFlu,age0to4,S,unvaccinated,AllFlu,age65to100
41000,2024-07-28,223031.66516651664,S,unvaccinated,AllFlu,age0to4,S,unvaccinated,AllFlu,age0to4
41000,2024-07-28,1760711.0900090009,S,unvaccinated,AllFlu,age0to4,S,unvaccinated,AllFlu,age18to49
41000,2024-07-28,770698.309630963,S,unvaccinated,AllFlu,age0to4,S,unvaccinated,AllFlu,age50to64
41000,2024-07-28,625314.7056705671,S,unvaccinated,AllFlu,age0to4,S,unvaccinated,AllFlu,age5to17
41000,2024-07-28,750047.2295229523,S,unvaccinated,AllFlu,age0to4,S,unvaccinated,AllFlu,age65to100
42000,2024-07-28,697068.6781321868,S,unvaccinated,AllFlu,age0to4,S,unvaccinated,AllFlu,age0to4
42000,2024-07-28,5134006.741325867,S,unvaccinated,AllFlu,age0to4,S,unvaccinated,AllFlu,age18to49
42000,2024-07-28,2633512.675732427,S,unvaccinated,AllFlu,age0to4,S,unvaccinated,AllFlu,age50to64
42000,2024-07-28,1935164.9725027494,S,unvaccinated,AllFlu,age0to4,S,unvaccinated,AllFlu,age5to17
42000,2024-07-28,2391776.9323067693,S,unvaccinated,AllFlu,age0to4,S,unvaccinated,AllFlu,age65to100
44000,2024-07-28,54441.95230476952,S,unvaccinated,AllFlu,age0to4,S,unvaccinated,AllFlu,age0to4
44000,2024-07-28,446106.87131286866,S,unvaccinated,AllFlu,age0to4,S,unvaccinated,AllFlu,age18to49
44000,2024-07-28,220304.9099090091,S,unvaccinated,AllFlu,age0to4,S,unvaccinated,AllFlu,age50to64
44000,2024-07-28,149688.94070592942,S,unvaccinated,AllFlu,age0to4,S,unvaccinated,AllFlu,age5to17
44000,2024-07-28,186688.3257674233,S,unvaccinated,AllFlu,age0to4,S,unvaccinated,AllFlu,age65to100
45000,2024-07-28,285181.7808,S,unvaccinated,AllFlu,age0to4,S,unvaccinated,AllFlu,age0to4
45000,2024-07-28,2036940.9942,S,unvaccinated,AllFlu,age0to4,S,unvaccinated,AllFlu,age18to49
45000,2024-07-28,986588.3790000001,S,unvaccinated,AllFlu,age0to4,S,unvaccinated,AllFlu,age50to64
45000,2024-07-28,798308.154,S,unvaccinated,AllFlu,age0to4,S,unvaccinated,AllFlu,age5to17
45000,2024-07-28,913786.6919999999,S,unvaccinated,AllFlu,age0to4,S,unvaccinated,AllFlu,age65to100
46000,2024-07-28,60161.08579999999,S,unvaccinated,AllFlu,age0to4,S,unvaccinated,AllFlu,age0to4
46000,2024-07-28,344424.39280000003,S,unvaccinated,AllFlu,age0to4,S,unvaccinated,AllFlu,age18to49
46000,2024-07-28,163070.4974,S,unvaccinated,AllFlu,age0to4,S,unvaccinated,AllFlu,age50to64
46000,2024-07-28,153493.4794,S,unvaccinated,AllFlu,age0to4,S,unvaccinated,AllFlu,age5to17
46000,2024-07-28,149488.5446,S,unvaccinated,AllFlu,age0to4,S,unvaccinated,AllFlu,age65to100
47000,2024-07-28,401219.4888,S,unvaccinated,AllFlu,age0to4,S,unvaccinated,AllFlu,age0to4
47000,2024-07-28,2797801.452,S,unvaccinated,AllFlu,age0to4,S,unvaccinated,AllFlu,age18to49
47000,2024-07-28,1304969.742,S,unvaccinated,AllFlu,age0to4,S,unvaccinated,AllFlu,age50to64
47000,2024-07-28,1082219.1228,S,unvaccinated,AllFlu,age0to4,S,unvaccinated,AllFlu,age5to17
47000,2024-07-28,1123146.1944,S,unvaccinated,AllFlu,age0to4,S,unvaccinated,AllFlu,age65to100
48000,2024-07-28,1941520.8072,S,unvaccinated,AllFlu,age0to4,S,unvaccinated,AllFlu,age0to4
48000,2024-07-28,12559124.4064,S,unvaccinated,AllFlu,age0to4,S,unvaccinated,AllFlu,age18to49
48000,2024-07-28,4849562.8896,S,unvaccinated,AllFlu,age0to4,S,unvaccinated,AllFlu,age50to64
48000,2024-07-28,5270649.644,S,unvaccinated,AllFlu,age0to4,S,unvaccinated,AllFlu,age5to17
48000,2024-07-28,3639998.2528,S,unvaccinated,AllFlu,age0to4,S,unvaccinated,AllFlu,age65to100
49000,2024-07-28,239386.35039999997,S,unvaccinated,AllFlu,age0to4,S,unvaccinated,AllFlu,age0to4
49000,2024-07-28,1404730.2528,S,unvaccinated,AllFlu,age0to4,S,unvaccinated,AllFlu,age18to49
49000,2024-07-28,439133.04640000005,S,unvaccinated,AllFlu,age0to4,S,unvaccinated,AllFlu,age50to64
49000,2024-07-28,660247.9936,S,unvaccinated,AllFlu,age0to4,S,unvaccinated,AllFlu,age5to17
49000,2024-07-28,353350.35679999995,S,unvaccinated,AllFlu,age0to4,S,unvaccinated,AllFlu,age65to100
51000,2024-07-28,500504.2096,S,unvaccinated,AllFlu,age0to4,S,unvaccinated,AllFlu,age0to4
51000,2024-07-28,3614282.9325,S,unvaccinated,AllFlu,age0to4,S,unvaccinated,AllFlu,age18to49
51000,2024-07-28,1651156.6239,S,unvaccinated,AllFlu,age0to4,S,unvaccinated,AllFlu,age50to64
51000,2024-07-28,1342568.7244,S,unvaccinated,AllFlu,age0to4,S,unvaccinated,AllFlu,age5to17
51000,2024-07-28,1345950.5096,S,unvaccinated,AllFlu,age0to4,S,unvaccinated,AllFlu,age65to100
50000,2024-07-28,29030.5545,S,unvaccinated,AllFlu,age0to4,S,unvaccinated,AllFlu,age0to4
50000,2024-07-28,248976.0244,S,unvaccinated,AllFlu,age0to4,S,unvaccinated,AllFlu,age18to49
50000,2024-07-28,136162.6653,S,unvaccinated,AllFlu,age0to4,S,unvaccinated,AllFlu,age50to64
50000,2024-07-28,85031.43059999999,S,unvaccinated,AllFlu,age0to4,S,unvaccinated,AllFlu,age5to17
50000,2024-07-28,125112.32519999999,S,unvaccinated,AllFlu,age0to4,S,unvaccinated,AllFlu,age65to100
53000,2024-07-28,443506.00930000003,S,unvaccinated,AllFlu,age0to4,S,unvaccinated,AllFlu,age0to4
53000,2024-07-28,3234113.9376000003,S,unvaccinated,AllFlu,age0to4,S,unvaccinated,AllFlu,age18to49
53000,2024-07-28,1376423.4913,S,unvaccinated,AllFlu,age0to4,S,unvaccinated,AllFlu,age50to64
53000,2024-07-28,1173550.9595,S,unvaccinated,AllFlu,age0to4,S,unvaccinated,AllFlu,age5to17
53000,2024-07-28,1176512.6023000001,S,unvaccinated,AllFlu,age0to4,S,unvaccinated,AllFlu,age65to100
55000,2024-07-28,328879.7808219178,S,unvaccinated,AllFlu,age0to4,S,unvaccinated,AllFlu,age0to4
55000,2024-07-28,2330530.1369863013,S,unvaccinated,AllFlu,age0to4,S,unvaccinated,AllFlu,age18to49
55000,2024-07-28,1188715.1232876712,S,unvaccinated,AllFlu,age0to4,S,unvaccinated,AllFlu,age50to64
55000,2024-07-28,931054.0273972603,S,unvaccinated,AllFlu,age0to4,S,unvaccinated,AllFlu,age5to17
55000,2024-07-28,1011536.9315068494,S,unvaccinated,AllFlu,age0to4,S,unvaccinated,AllFlu,age65to100
54000,2024-07-28,94318.12950000001,S,unvaccinated,AllFlu,age0to4,S,unvaccinated,AllFlu,age0to4
54000,2024-07-28,705477.801,S,unvaccinated,AllFlu,age0to4,S,unvaccinated,AllFlu,age18to49
54000,2024-07-28,375091.752,S,unvaccinated,AllFlu,age0to4,S,unvaccinated,AllFlu,age50to64
54000,2024-07-28,270233.2535,S,unvaccinated,AllFlu,age0to4,S,unvaccinated,AllFlu,age5to17
54000,2024-07-28,372184.064,S,unvaccinated,AllFlu,age0to4,S,unvaccinated,AllFlu,age65to100
56000,2024-07-28,35093.8496,S,unvaccinated,AllFlu,age0to4,S,unvaccinated,AllFlu,age0to4
56000,2024-07-28,236592.97280000002,S,unvaccinated,AllFlu,age0to4,S,unvaccinated,AllFlu,age18to49
56000,2024-07-28,110568.8672,S,unvaccinated,AllFlu,age0to4,S,unvaccinated,AllFlu,age50to64
56000,2024-07-28,99180.7968,S,unvaccinated,AllFlu,age0to4,S,unvaccinated,AllFlu,age5to17
56000,2024-07-28,99587.51359999999,S,unvaccinated,AllFlu,age0to4,S,unvaccinated,AllFlu,age65to100
